Gene,Essentiality,Control,Condition,Replicates,LESB_Locus,PAO1_Locus,PA14_Locus,LESB_Description,LESB_PGD_ID,PAO1_Locus_1,PAO1_Gene,PAO1_Description,PAO1_Accession,PAO1_PGD_ID,PA14_Locus_1,PA14_Gene,PA14_Description,PA14_Accession,PA14_PGD_ID
PALES_00051,conditionally essential,0,4,4,PALES_00051,PA0006,PA14_00070,"D,D-heptose 1,7-bisphosphate phosphatase",PGD244054,PA0006,PA0006,conserved hypothetical protein,NP_064726.1 ; WP_003120688.1,PGD134014,PA14_00070,PA14_00070,"D,D-heptose 1,7-bisphosphate phosphatase",YP_788161.1 ; WP_003142196.1,PGD1650845
PALES_00141,conditionally essential,0,4,4,PALES_00141,PA0015,PA14_00160,putative tetratricopeptide repeat domain,PGD244072,PA0015,PA0015,hypothetical protein,NP_248705.1 ; WP_003120685.1,PGD134042,PA14_00160,PA14_00160,hypothetical protein,YP_788170.1 ; WP_003142202.1,PGD1650863
PALES_00271,conditionally essential,0,4,4,PALES_00271,PA0028,PA14_00320,hypothetical protein,PGD244098,PA0028,PA0028,hypothetical protein,NP_248718.1 ; WP_003114639.1,PGD102795,PA14_00320,PA14_00320,hypothetical protein,YP_788183.1 ; WP_003131389.1,PGD1650889
PALES_00311,conditionally essential,0,4,4,PALES_00311,PA0032,PA14_00400,putative transcriptional regulator,PGD244106,PA0032,PA0032,probable transcriptional regulator,NP_248722.1 ; WP_003122286.1,PGD102787,PA14_00400,PA14_00400,LysR family transcriptional regulator,YP_788187.1 ; WP_003111194.1,PGD1650897
PALES_01041,conditionally essential,0,4,4,PALES_01041,PA0103,PA14_01250,putative sulfate transporter,PGD244248,PA0103,PA0103,probable sulfate transporter,NP_248793.1 ; WP_003115028.1,PGD102939,PA14_01250,PA14_01250,sulfate transporter,YP_788261.1 ; WP_003136999.1,PGD1651045
PALES_01101,conditionally essential,0,4,4,PALES_01101,PA0109,PA14_01330,hypothetical protein,PGD244260,PA0109,PA0109,hypothetical protein,NP_248799.1 ; WP_003101213.1,PGD102951,PA14_01330,PA14_01330,hypothetical protein,YP_788267.1 ; WP_003110653.1,PGD1651057
PALES_01281,conditionally essential,0,4,4,PALES_01281,PA0127,PA14_01550,putative lipoprotein,PGD244296,PA0127,PA0127,hypothetical protein,NP_248817.1 ; WP_003112629.1,PGD102987,PA14_01550,PA14_01550,lipoprotein,YP_788285.1 ; WP_003137013.1,PGD1651093
PALES_02131,conditionally essential,0,4,4,NA,NA,NA,NA,NA,NA,NA,NA,NA,NA,NA,NA,NA,NA,NA
PALES_02491,conditionally essential,0,4,4,PALES_02491,PA0252,PA14_03110,hypothetical protein,PGD244538,PA0252,PA0252,hypothetical protein,NP_248943.1 ; WP_003123838.1,PGD103239,PA14_03110,PA14_03110,hypothetical protein,YP_788403.1 ; WP_003137130.1,PGD1651329
PALES_02601,conditionally essential,0,4,4,PALES_02601,PA0264,PA14_03420,hypothetical protein,PGD244562,PA0264,PA0264,hypothetical protein,NP_248955 ; WP_010895501.1,PGD103265,PA14_03420,PA14_03420,hypothetical protein,YP_788433.1 ; WP_003084196.1,PGD1651391
PALES_03261,conditionally essential,0,4,4,PALES_03261,PA0329,PA14_04300,hypothetical protein,PGD244694,PA0329,PA0329,conserved hypothetical protein,NP_249020.1 ; WP_003112957.1,PGD103395,PA14_04300,PA14_04300,hypothetical protein,YP_788499.1 ; WP_003110581.1,PGD1651523
PALES_05011,conditionally essential,0,4,4,PALES_05011,PA0505,PA14_06580,hypothetical protein,PGD245044,PA0505,PA0505,hypothetical protein,NP_249196.1 ; WP_003113246.1,PGD103747,PA14_06580,PA14_06580,hypothetical protein,YP_788675.1 ; WP_003103338.1,PGD1651875
PALES_05301,conditionally essential,0,4,4,PALES_05301,PA0533,PA14_06950,putative transcriptional regulator,PGD245104,PA0533,PA0533,probable transcriptional regulator,NP_249224.1 ; WP_003084906.1,PGD103803,PA14_06950,PA14_06950,LuxR family transcriptional regulator,YP_788704.1 ; WP_003121801.1,PGD1651935
PALES_06191,conditionally essential,0,4,4,PALES_06191,PA0623,PA14_08090,putative bacteriophage protein,PGD245284,PA0623,PA0623,probable bacteriophage protein,NP_249314.1 ; WP_003085175.1,PGD103985,PA14_08090,PA14_08090,phage tail tube protein,YP_788796.1 ; WP_003085175.1,PGD1652121
PALES_07941,conditionally essential,0,4,4,NA,NA,NA,NA,NA,NA,NA,NA,NA,NA,NA,NA,NA,NA,NA
PALES_08351,conditionally essential,0,4,4,PALES_08351,PA4136,PA14_10470,putative major facilitator superfamily (MFS) transporter,PGD245738,PA4136,PA4136,probable major facilitator superfamily (MFS) transporter,NP_252825.1 ; WP_003159295.1,PGD111092,PA14_10470,PA14_10470,MFS transporter,YP_788986.1 ; WP_003137551.1,PGD1652519
PALES_08831,conditionally essential,0,4,4,NA,NA,NA,NA,NA,NA,NA,NA,NA,NA,NA,NA,NA,NA,NA
PALES_09711,conditionally essential,0,4,4,PALES_09711,PA4005,PA14_12030,hypothetical protein,PGD246009,PA4005,PA4005,conserved hypothetical protein,NP_252694.1 ; WP_003100305.1,PGD110830,PA14_12030,PA14_12030,hypothetical protein,YP_789114.1 ; WP_003100305.1,PGD1652775
PALES_09721,conditionally essential,0,4,4,PALES_09721,PA4004,PA14_12050,rRNA large subunit methyltransferase,PGD246011,PA4004,PA4004,conserved hypothetical protein,NP_252693.1 ; WP_003093193.1,PGD110828,PA14_12050,PA14_12050,rRNA large subunit methyltransferase,YP_789115.1 ; WP_003137690.1,PGD1652777
PALES_09971,conditionally essential,0,4,4,PALES_09971,PA3978,PA14_12370,hypothetical protein,PGD246060,PA3978,PA3978,hypothetical protein,NP_252667.1 ; WP_003093155.1,PGD110776,PA14_12370,PA14_12370,hypothetical protein,YP_789140.1 ; WP_003093155.1,PGD1652827
PALES_10461,conditionally essential,0,4,4,NA,NA,NA,NA,NA,NA,NA,NA,NA,NA,NA,NA,NA,NA,NA
PALES_11351,conditionally essential,0,4,4,PALES_11351,PA3839,PA14_14360,putative sodium:sulfate symporter,PGD246336,PA3839,PA3839,probable sodium:sulfate symporter,NP_252528.1 ; WP_003113792.1,PGD110498,PA14_14360,PA14_14360,sodium:sulfate symporter,YP_789288.1 ; WP_003092885.1,PGD1653127
PALES_12071,conditionally essential,0,4,4,NA,NA,NA,NA,NA,NA,NA,NA,NA,NA,NA,NA,NA,NA,NA
PALES_12941,conditionally essential,0,4,4,PALES_12941,PA3690,PA14_16660,putative metal-transporting P-type ATPase,PGD246653,PA3690,PA3690,probable metal-transporting P-type ATPase,NP_252380.1 ; WP_010895660.1,PGD110199,PA14_16660,PA14_16660,metal-transporting P-type ATPase,YP_789474.1 ; WP_003137970.1,PGD1653503
PALES_13231,conditionally essential,0,4,4,NA,NA,NA,NA,NA,NA,NA,NA,NA,NA,NA,NA,NA,NA,NA
PALES_13721,conditionally essential,0,4,4,PALES_13721,PA3663,PA14_16980,hypothetical protein,PGD246811,PA3663,PA3663,hypothetical protein,NP_252353.1 ; WP_003098616.1,PGD110145,PA14_16980,PA14_16980,hypothetical protein,YP_789501.1 ; WP_003092421.1,PGD1653557
PALES_14031,conditionally essential,0,4,4,PALES_14031,PA3632,PA14_17350,hypothetical protein,PGD246873,PA3632,PA3632,conserved hypothetical protein,NP_252322.1 ; WP_003092358.1,PGD110083,PA14_17350,PA14_17350,hypothetical protein,YP_789532.1 ; WP_003138031.1,PGD1653619
PALES_15491,conditionally essential,0,4,4,NA,NA,NA,NA,NA,NA,NA,NA,NA,NA,NA,NA,NA,NA,NA
PALES_16311,conditionally essential,0,4,4,PALES_16311,PA3429,PA14_19710,putative epoxide hydrolase,PGD247331,PA3429,PA3429,probable epoxide hydrolase,NP_252119.1 ; WP_003102328.1,PGD109677,PA14_19710,PA14_19710,alpha/beta hydrolase,YP_789718.1 ; WP_003138203.1,PGD1653991
PALES_16501,conditionally essential,0,4,4,PALES_16501,PA3411,PA14_19970,hypothetical protein,PGD247369,PA3411,PA3411,hypothetical protein,NP_252101.1 ; WP_003112066.1,PGD109641,PA14_19970,PA14_19970,hypothetical protein,YP_789737.1 ; WP_003112066.1,PGD1654029
PALES_17771,conditionally essential,0,4,4,PALES_17771,PA3288,PA14_21520,putative hydrolase,PGD247629,PA3288,PA3288,hypothetical protein,NP_251978.1 ; WP_003119669.1,PGD109393,PA14_21520,PA14_21520,hypothetical protein,YP_789865.1 ; WP_003130147.1,PGD1654287
PALES_17851,conditionally essential,0,4,4,PALES_17851,PA3281,PA14_21600,hypothetical protein,PGD247645,PA3281,PA3281,hypothetical protein,NP_251971.1 ; WP_003114076.1,PGD109379,PA14_21600,PA14_21600,hypothetical protein,YP_789873.1 ; WP_003091622.1,PGD1654303
PALES_18361,conditionally essential,0,4,4,PALES_18361,PA3231,PA14_22400,hypothetical protein,PGD247751,PA3231,PA3231,hypothetical protein,NP_251921.1 ; WP_003109182.1,PGD109275,PA14_22400,PA14_22400,hypothetical protein,YP_789942.1 ; WP_003091542.1,PGD1654445
PALES_18381,conditionally essential,0,4,4,PALES_18381,PA3229,PA14_22420,hypothetical protein,PGD247755,PA3229,PA3229,hypothetical protein,NP_251919.1 ; WP_003091540.1,PGD109271,PA14_22420,PA14_22420,hypothetical protein,YP_789944.1 ; WP_003091540.1,PGD1654449
PALES_18701,conditionally essential,0,4,4,PALES_18701,PA3197,PA14_22860,putative transcriptional regulator,PGD247819,PA3197,PA3197,hypothetical protein,NP_251887.1 ; WP_003114835.1,PGD109207,PA14_22860,PA14_22860,transcriptional regulator,YP_789982.1 ; WP_003138436.1,PGD1654525
PALES_18991,conditionally essential,0,4,4,NA,NA,NA,NA,NA,NA,NA,NA,NA,NA,NA,NA,NA,NA,NA
PALES_19541,conditionally essential,0,4,4,PALES_19541,PA3106,PA14_23950,oxidoreductase,PGD247997,PA3106,PA3106,probable short-chain dehydrogenase,NP_251796.1 ; WP_003103539.1,PGD109016,PA14_23950,PA14_23950,oxidoreductase,YP_790067.1 ; WP_003091381.1,PGD1654701
PALES_19951,conditionally essential,0,4,4,NA,NA,NA,NA,NA,NA,NA,NA,NA,NA,NA,NA,NA,NA,NA
PALES_20471,conditionally essential,0,4,4,PALES_20471,PA3015,PA14_25060,hypothetical protein,PGD248189,PA3015,PA3015,hypothetical protein,NP_251705.1 ; WP_003119795.1,PGD108826,PA14_25060,PA14_25060,hypothetical protein,YP_790157.1 ; WP_003138583.1,PGD1654889
PALES_21901,conditionally essential,0,4,4,PALES_21901,PA2874,PA14_26920,hypothetical protein,PGD248475,PA2874,PA2874,hypothetical protein,NP_251564.1 ; WP_003114742.1,PGD108544,PA14_26920,PA14_26920,hypothetical protein,YP_790300.1 ; WP_011666610.1,PGD1655175
PALES_22261,conditionally essential,0,4,4,PALES_22261,PA2839,PA14_27390,putative dioxygenase,PGD248549,PA2839,PA2839,conserved hypothetical protein,NP_251529.1 ; WP_003106098.1,PGD108472,PA14_27390,PA14_27390,hypothetical protein,YP_790334.1 ; WP_003109673.1,PGD1655245
PALES_23091,conditionally essential,0,4,4,PALES_23091,PA2767,PA14_28310,putative enoyl-CoA hydratase/isomerase,PGD248723,PA2767,PA2767,probable enoyl-CoA hydratase/isomerase,NP_251457.1 ; WP_003114421.1,PGD108322,PA14_28310,PA14_28310,enoyl-CoA hydratase,YP_790414.1 ; WP_003090826.1,PGD1655413
PALES_23111,conditionally essential,0,4,4,PALES_23111,PA2765,PA14_28340,putative peroxidase,PGD248727,PA2765,PA2765,hypothetical protein,NP_251455.1 ; WP_003119903.1,PGD108318,PA14_28340,PA14_28340,hypothetical protein,YP_790417.1 ; WP_003119903.1,PGD1655419
PALES_23191,conditionally essential,0,4,4,PALES_23191,PA2759,PA14_28410,hypothetical protein,PGD248743,PA2759,PA2759,hypothetical protein,NP_251449.1 ; WP_003090814.1,PGD108306,PA14_28410,PA14_28410,hypothetical protein,YP_790424.1 ; WP_003090814.1,PGD1655433
PALES_23711,conditionally essential,0,4,4,PALES_23711,PA0987,PA14_03170,insertion sequence IS407 OrfB,PGD248848,PA0987,PA0987,conserved hypothetical protein,NP_249678.1 ; WP_003112560.1,PGD104738,PA14_03170,PA14_03170,hypothetical protein,YP_788410.1 ; WP_003137139.1,PGD1651343
PALES_25371,conditionally essential,0,4,4,NA,NA,NA,NA,NA,NA,NA,NA,NA,NA,NA,NA,NA,NA,NA
PALES_25451,conditionally essential,0,4,4,NA,NA,NA,NA,NA,NA,NA,NA,NA,NA,NA,NA,NA,NA,NA
PALES_26121,conditionally essential,0,4,4,NA,NA,NA,NA,NA,NA,NA,NA,NA,NA,NA,NA,NA,NA,NA
PALES_26141,conditionally essential,0,4,4,NA,NA,NA,NA,NA,NA,NA,NA,NA,NA,NA,NA,NA,NA,NA
PALES_26161,conditionally essential,0,4,4,NA,NA,NA,NA,NA,NA,NA,NA,NA,NA,NA,NA,NA,NA,NA
PALES_26491,conditionally essential,0,4,4,NA,NA,NA,NA,NA,NA,NA,NA,NA,NA,NA,NA,NA,NA,NA
PALES_26631,conditionally essential,0,4,4,NA,NA,NA,NA,NA,NA,NA,NA,NA,NA,NA,NA,NA,NA,NA
PALES_26651,conditionally essential,0,4,4,NA,NA,NA,NA,NA,NA,NA,NA,NA,NA,NA,NA,NA,NA,NA
PALES_26821,conditionally essential,0,4,4,NA,NA,NA,NA,NA,NA,NA,NA,NA,NA,NA,NA,NA,NA,NA
PALES_27351,conditionally essential,0,4,4,NA,NA,NA,NA,NA,NA,NA,NA,NA,NA,NA,NA,NA,NA,NA
PALES_27991,conditionally essential,0,4,4,PALES_27991,PA2496,PA14_32370,putative DNA damage-inducible gene,PGD249700,PA2496,PA2496,hypothetical protein,NP_251186.1 ; WP_003089838.1,PGD107770,PA14_32370,PA14_32370,DNA damage-inducible gene,YP_790741.1 ; WP_003139121.1,PGD1656078
PALES_28371,conditionally essential,0,4,4,NA,NA,NA,NA,NA,NA,NA,NA,NA,NA,NA,NA,NA,NA,NA
PALES_29651,conditionally essential,0,4,4,PALES_29651,PA2338,PA14_34420,putative binding protein component of ABC maltose/mannitol transporter,PGD250027,PA2338,PA2338,probable binding protein component of ABC maltose/mannitol transporter,NP_251028.1 ; WP_003105362.1,PGD107456,PA14_34420,PA14_34420,maltose/mannitol ABC transporter substrate-binding protein,YP_790905.1 ; WP_003139355.1,PGD1656406
PALES_29671,conditionally essential,0,4,4,NA,NA,NA,NA,NA,NA,NA,NA,NA,NA,NA,NA,NA,NA,NA
PALES_29921,conditionally essential,0,4,4,PALES_29921,PA2312,PA14_34730,putative transcriptional regulator,PGD250081,PA2312,PA2312,probable transcriptional regulator,NP_251002.1 ; WP_003122724.1,PGD107404,PA14_34730,PA14_34730,XRE family transcriptional regulator,YP_790927.1 ; WP_003122724.1,PGD1656450
PALES_30301,conditionally essential,0,4,4,PALES_30301,PA2274,PA14_35160,hypothetical protein,PGD250157,PA2274,PA2274,hypothetical protein,NP_250964.1 ; WP_003113748.1,PGD107328,PA14_35160,PA14_35160,phenazine-utilizing monooxygenase A,YP_790962.1 ; WP_003089304.1,PGD1656520
PALES_31051,conditionally essential,0,4,4,NA,NA,NA,NA,NA,NA,NA,NA,NA,NA,NA,NA,NA,NA,NA
PALES_31271,conditionally essential,0,4,4,PALES_31271,PA2198,PA14_36280,putative antibiotic biosynthesis monooxygenase,PGD250351,PA2198,PA2198,hypothetical protein,NP_250888.1 ; WP_003113690.1,PGD107176,PA14_36280,PA14_36280,antibiotic biosynthesis monooxygenase,YP_791052.1 ; WP_003089035.1,PGD1656700
PALES_31661,conditionally essential,0,4,4,PALES_31661,PA2160,PA14_36630,putative glycosyl hydrolase,PGD250429,PA2160,PA2160,probable glycosyl hydrolase,NP_250850.1 ; WP_003113651.1,PGD107100,PA14_36630,PA14_36630,glycosyl hydrolase,YP_791083.1 ; WP_003132147.1,PGD1656762
PALES_32071,conditionally essential,0,4,4,PALES_32071,PA2120,PA14_37150,hypothetical protein,PGD250511,PA2120,PA2120,hypothetical protein,NP_250810.1 ; WP_003102139.1,PGD107020,PA14_37150,PA14_37150,hypothetical protein,YP_791126.1 ; WP_003109877.1,PGD1656848
PALES_32751,conditionally essential,0,4,4,PALES_32751,PA2047,PA14_38040,putative transcriptional regulator,PGD250647,PA2047,cmrA,chloramphenicol resistance activator CmrA,NP_250737.1 ; WP_003118743.1,PGD106874,PA14_38040,cmrA,chloramphenicol resistance activator CmrA,YP_791192.1 ; WP_003118743.1,PGD1656980
PALES_32921,conditionally essential,0,4,4,PALES_32921,PA2030,PA14_38270,hypothetical protein,PGD250681,PA2030,PA2030,hypothetical protein,NP_250720.1 ; WP_003100357.1,PGD106840,PA14_38270,PA14_38270,hypothetical protein,YP_791209.1 ; WP_003139696.1,PGD1657014
PALES_33551,conditionally essential,0,4,4,PALES_33551,PA1968,PA14_39080,hypothetical protein,PGD250804,PA1968,PA1968,hypothetical protein,NP_250658.1 ; WP_004349483.1,PGD106716,PA14_39080,PA14_39080,hypothetical protein,YP_791272.1 ; WP_003111311.1,PGD1657140
PALES_33921,conditionally essential,0,4,4,PALES_33921,PA1931,PA14_39540,putative ferredoxin,PGD250878,PA1931,PA1931,probable ferredoxin,NP_250621.1 ; WP_003088271.1,PGD106642,PA14_39540,PA14_39540,ferredoxin,YP_791306.1 ; WP_003088271.1,PGD1657208
PALES_34481,conditionally essential,0,4,4,PALES_34481,PA1875,PA14_40250,putative outer membrane protein precursor,PGD250990,PA1875,PA1875,probable outer membrane protein precursor,NP_250566.1 ; WP_003102743.1,PGD106530,PA14_40250,PA14_40250,outer membrane protein,YP_791364.1 ; WP_003139889.1,PGD1657324
PALES_34881,conditionally essential,0,4,4,NA,NA,NA,NA,NA,NA,NA,NA,NA,NA,NA,NA,NA,NA,NA
PALES_35911,conditionally essential,0,4,4,PALES_35911,PA1738,PA14_42060,putative transcriptional regulator,PGD251287,PA1738,PA1738,probable transcriptional regulator,NP_250429.1 ; WP_003113566.1,PGD106246,PA14_42060,PA14_42060,transcriptional regulator,YP_791507.1 ; WP_003087749.1,PGD1657618
PALES_36611,conditionally essential,0,4,4,PALES_36611,PA1666,PA14_42940,putative lipoprotein,PGD251427,PA1666,lip2,Lip2,NP_250357.1 ; WP_003114612.1,PGD106102,PA14_42940,lip2.1,Lip2.1,YP_791580.1 ; WP_003110438.1,PGD1657764
PALES_36771,conditionally essential,0,4,4,PALES_36771,PA1650,PA14_43170,putative transporter,PGD251459,PA1650,PA1650,probable transporter,NP_250341.1 ; WP_003114604.1,PGD106070,PA14_43170,PA14_43170,bile acid/Na+ symporter family transporter,YP_791600.1 ; WP_003097823.1,PGD1657804
PALES_36861,conditionally essential,0,4,4,PALES_36861,PA1641,PA14_43290,putative lipoprotein,PGD251477,PA1641,PA1641,hypothetical protein,NP_250332.1 ; WP_003097836.1,PGD106052,PA14_43290,PA14_43290,lipoprotein,YP_791610.1 ; WP_003097836.1,PGD1657824
PALES_37251,conditionally essential,0,4,4,PALES_37251,PA1602,PA14_43780,putative oxidoreductase,PGD251553,PA1602,PA1602,probable oxidoreductase,NP_250293.1 ; WP_003097907.1,PGD105974,PA14_43780,PA14_43780,oxidoreductase,YP_791649.1 ; WP_003140151.1,PGD1657902
PALES_37801,conditionally essential,0,4,4,PALES_37801,PA1548,PA14_44450,putative cytochrome oxidase maturation protein cbb3-type,PGD251663,PA1548,PA1548,conserved hypothetical protein,NP_250239.1 ; WP_003087273.1,PGD105866,PA14_44450,PA14_44450,hypothetical protein,YP_791705.1 ; WP_003087273.1,PGD1658014
PALES_37971,conditionally essential,0,4,4,NA,NA,NA,NA,NA,NA,NA,NA,NA,NA,NA,NA,NA,NA,NA
PALES_38211,conditionally essential,0,4,4,PALES_38211,PA1360,PA14_46700,hypothetical protein,PGD251743,PA1360,PA1360,conserved hypothetical protein,NP_250051.1 ; WP_003086919.1,PGD105488,PA14_46700,PA14_46700,hypothetical protein,YP_791885.1 ; WP_003086919.1,PGD1658374
PALES_38331,conditionally essential,0,4,4,PALES_38331,PA1348,PA14_46840,hypothetical protein,PGD251767,PA1348,PA1348,hypothetical protein,NP_250039.1 ; WP_003082789.1,PGD105464,PA14_46840,PA14_46840,hypothetical protein,YP_791897.1 ; WP_003140362.1,PGD1658398
PALES_38341,conditionally essential,0,4,4,PALES_38341,PA1347,PA14_46850,putative transcriptional regulator,PGD251769,PA1347,PA1347,probable transcriptional regulator,NP_250038.1 ; WP_003082787.1,PGD105462,PA14_46850,PA14_46850,transcriptional regulator,YP_791898.1 ; WP_003082787.1,PGD1658400
PALES_39121,conditionally essential,0,4,4,PALES_39121,PA1500,PA14_45020,putative oxidoreductase,PGD251927,PA1500,PA1500,probable oxidoreductase,NP_250191.1 ; WP_003105826.1,PGD105768,PA14_45020,PA14_45020,oxidoreductase,YP_791753.1 ; WP_003087180.1,PGD1658110
PALES_39811,conditionally essential,0,4,4,PALES_39811,PA1433,PA14_45930,hypothetical protein,PGD252065,PA1433,PA1433,conserved hypothetical protein,NP_250124.1 ; WP_003112436.1,PGD105634,PA14_45930,PA14_45930,hypothetical protein,YP_791819.1 ; WP_003083019.1,PGD1658242
PALES_40001,conditionally essential,0,4,4,PALES_40001,PA1413,PA14_46170,putative transcriptional regulator,PGD252103,PA1413,PA1413,probable transcriptional regulator,NP_250104.1 ; WP_003082949.1,PGD105594,PA14_46170,PA14_46170,LysR family transcriptional regulator,YP_791838.1 ; WP_003087005.1,PGD1658280
PALES_40121,conditionally essential,0,4,4,PALES_40121,PA1401,PA14_46310,putative ester cyclase,PGD252127,PA1401,PA1401,hypothetical protein,NP_250092.1 ; WP_003112418.1,PGD105570,PA14_46310,PA14_46310,hypothetical protein,YP_791850.1 ; WP_003140311.1,PGD1658304
PALES_40851,conditionally essential,0,4,4,NA,NA,NA,NA,NA,NA,NA,NA,NA,NA,NA,NA,NA,NA,NA
PALES_40951,conditionally essential,0,4,4,PALES_40951,PA1214,PA14_48610,putative sparagine synthase,PGD252293,PA1214,PA1214,hypothetical protein,NP_249905.1 ; WP_003112449.1,PGD105196,PA14_48610,PA14_48610,sparagine synthase,YP_792036.1 ; WP_003140482.1,PGD1658676
PALES_41091,conditionally essential,0,4,4,PALES_41091,PA1200,PA14_48780,putative O-methyltransferase,PGD252321,PA1200,PA1200,conserved hypothetical protein,NP_249891.1 ; WP_003086626.1,PGD105168,PA14_48780,PA14_48780,hypothetical protein,YP_792050.1 ; WP_003086626.1,PGD1658704
PALES_42261,conditionally essential,0,4,4,NA,NA,NA,NA,NA,NA,NA,NA,NA,NA,NA,NA,NA,NA,NA
PALES_42281,conditionally essential,0,4,4,PALES_42281,PA1093,PA14_50280,hypothetical protein,PGD252559,PA1093,PA1093,hypothetical protein,NP_249784.1 ; WP_003112502.1,PGD104952,PA14_50280,PA14_50280,hypothetical protein,YP_792176.1 ; WP_003082188.1,PGD1658956
PALES_43181,conditionally essential,0,4,4,PALES_43181,PA1007,PA14_51300,hypothetical protein,PGD252743,PA1007,PA1007,conserved hypothetical protein,NP_249698.1 ; WP_003108615.1,PGD104778,PA14_51300,PA14_51300,hypothetical protein,YP_792264.1 ; WP_003108615.1,PGD1659134
PALES_43651,conditionally essential,0,4,4,PALES_43651,PA0950,PA14_51980,putative arsenate reductase,PGD252839,PA0950,PA0950,probable arsenate reductase,NP_249641.1 ; WP_003112580.1,PGD104662,PA14_51980,PA14_51980,arsenate reductase,YP_792325.1 ; WP_003140785.1,PGD1659258
PALES_45591,conditionally essential,0,4,4,PALES_45591,PA0784,PA14_54130,putative transcriptional regulator,PGD253235,PA0784,PA0784,probable transcriptional regulator,NP_249475.1 ; WP_010895522.1,PGD104318,PA14_54130,PA14_54130,transcriptional regulator,YP_792500.1 ; WP_003140923.1,PGD1659616
PALES_45681,conditionally essential,0,4,4,PALES_45681,PA0775,PA14_54260,hypothetical protein,PGD253253,PA0775,PA0775,conserved hypothetical protein,NP_249466.1 ; WP_003123029.1,PGD104300,PA14_54260,PA14_54260,hypothetical protein,YP_792509.1 ; WP_003123029.1,PGD1659634
PALES_46551,conditionally essential,0,4,4,NA,NA,NA,NA,NA,NA,NA,NA,NA,NA,NA,NA,NA,NA,NA
PALES_47201,conditionally essential,0,4,4,PALES_47201,PA4342,PA14_56450,amidase,PGD253567,PA4342,PA4342,probable amidase,NP_253032.1 ; WP_003115242.1,PGD111522,PA14_56450,PA14_56450,amidase,YP_792687.1 ; WP_003093953.1,PGD1660002
PALES_47701,conditionally essential,0,4,4,PALES_47701,PA4391,PA14_57070,hypothetical protein,PGD253667,PA4391,PA4391,hypothetical protein,NP_253081.1 ; WP_003120893.1,PGD111620,PA14_57070,PA14_57070,hypothetical protein,YP_792737.1 ; WP_003120893.1,PGD1660102
PALES_47721,conditionally essential,0,4,4,PALES_47721,PA4393,PA14_57100,putative permease,PGD253671,PA4393,ampG,AmpG,NP_253083.1 ; WP_003112756.1,PGD111624,PA14_57100,PA14_57100,permease,YP_792739.1 ; WP_003094076.1,PGD1660106
PALES_48731,conditionally essential,0,4,4,PALES_48731,PA4493,PA14_58300,putative two-component response regulator,PGD253877,PA4493,roxR,RoxR,NP_253183.1 ; WP_003106283.1,PGD111824,PA14_58300,PA14_58300,two-component response regulator,YP_792838.1 ; WP_003094419.1,PGD1660305
PALES_50141,conditionally essential,0,4,4,PALES_50141,PA4629,PA14_61260,hypothetical protein,PGD254169,PA4629,PA4629,hypothetical protein,NP_253319.1 ; WP_003094926.1,PGD112106,PA14_61260,PA14_61260,hypothetical protein,YP_793089.1 ; WP_003094926.1,PGD1660818
PALES_50631,conditionally essential,0,4,4,PALES_50631,PA4677,PA14_61870,hypothetical protein,PGD254270,PA4677,PA4677,hypothetical protein,NP_253366.1 ; WP_003113524.1,PGD112205,PA14_61870,PA14_61870,hypothetical protein,YP_793139.1 ; WP_003141631.1,PGD1660922
PALES_50681,conditionally essential,0,4,4,PALES_50681,PA4682,PA14_61940,hypothetical protein,PGD254280,PA4682,PA4682,hypothetical protein,NP_253371.1 ; WP_003106143.1,PGD112215,PA14_61940,PA14_61940,hypothetical protein,YP_793144.1 ; WP_003095033.1,PGD1660932
PALES_50821,conditionally essential,0,4,4,PALES_50821,PA4697,PA14_62170,hypothetical protein,PGD254317,PA4697,PA4697,hypothetical protein,NP_253385.1 ; WP_003095076.1,PGD112254,PA14_62170,PA14_62170,hypothetical protein,YP_793160.1 ; WP_003095076.1,PGD1660974
PALES_52031,conditionally essential,0,4,4,PALES_52031,PA4818,PA14_63700,hypothetical protein,PGD254574,PA4818,PA4818,conserved hypothetical protein,NP_253505.1 ; WP_003095324.1,PGD112502,PA14_63700,PA14_63700,hypothetical protein,YP_793283.1 ; WP_004365413.1,PGD1661226
PALES_52701,conditionally essential,0,4,4,PALES_52701,PA4884,PA14_64560,hypothetical protein,PGD254708,PA4884,PA4884,hypothetical protein,NP_253571.1 ; WP_003095513.1,PGD112634,PA14_64560,PA14_64560,hypothetical protein,YP_793352.1 ; WP_003095513.1,PGD1661364
PALES_52951,conditionally essential,0,4,4,PALES_52951,PA4909,PA14_64860,putative ATP-binding component of ABC transporter,PGD254758,PA4909,PA4909,probable ATP-binding component of ABC transporter,NP_253596.1 ; WP_003095563.1,PGD112684,PA14_64860,PA14_64860,ABC transporter ATP-binding protein,YP_793377.1 ; WP_003095563.1,PGD1661414
PALES_53381,conditionally essential,0,4,4,PALES_53381,PA4952,PA14_65420,ribosome-associated GTPase,PGD254848,PA4952,PA4952,conserved hypothetical protein,NP_253639.1 ; WP_003113927.1,PGD112774,PA14_65420,PA14_65420,ribosome-associated GTPase,YP_793420.1 ; WP_003141723.1,PGD1661504
PALES_53711,conditionally essential,0,4,4,PALES_53711,PA4983,PA14_65880,putative two-component response regulator,PGD254914,PA4983,PA4983,probable two-component response regulator,NP_253670.1 ; WP_003095718.1,PGD112836,PA14_65880,PA14_65880,two-component response regulator,YP_793452.1 ; WP_003109882.1,PGD1661568
PALES_54641,conditionally essential,0,4,4,PALES_54641,PA5074,PA14_67030,putative ATP-binding component of ABC transporter,PGD255100,PA5074,PA5074,probable ATP-binding component of ABC transporter,NP_253761.1 ; WP_003095906.1,PGD113018,PA14_67030,PA14_67030,ABC transporter ATP-binding protein,YP_793543.1 ; WP_003095906.1,PGD1661750
PALES_54691,conditionally essential,0,4,4,PALES_54691,PA5079,PA14_67100,D-tyrosyl-tRNA(Tyr) deacylase,PGD255110,PA5079,PA5079,conserved hypothetical protein,NP_253766.1 ; WP_003103447.1,PGD113028,PA14_67100,PA14_67100,D-tyrosyl-tRNA(Tyr) deacylase,YP_793548.1 ; WP_003095916.1,PGD1661760
PALES_55321,conditionally essential,0,4,4,NA,NA,NA,NA,NA,NA,NA,NA,NA,NA,NA,NA,NA,NA,NA
PALES_55391,conditionally essential,0,4,4,PALES_55391,PA5148,PA14_68000,hypothetical protein,PGD255250,PA5148,PA5148,conserved hypothetical protein,NP_253835.1 ; WP_003096100.1,PGD113166,PA14_68000,PA14_68000,hypothetical protein,YP_793620.1 ; WP_003096100.1,PGD1661904
PALES_56441,conditionally essential,0,4,4,PALES_56441,PA5250,PA14_69320,putative integral membrane transport protein,PGD255464,PA5250,PA5250,conserved hypothetical protein,NP_253937.1 ; WP_003099222.1,PGD113374,PA14_69320,PA14_69320,integral membrane transport protein,YP_793722.1 ; WP_003096367.1,PGD1662114
PALES_59631,conditionally essential,0,4,4,NA,NA,NA,NA,NA,NA,NA,NA,NA,NA,NA,NA,NA,NA,NA
aroQ2,conditionally essential,0,4,4,PALES_02421,PA0245,PA14_03030,3-dehydroquinate dehydratase,PGD244524,PA0245,aroQ2,3-dehydroquinate dehydratase,NP_248936.1 ; WP_003106162.1,PGD103225,PA14_03030,aroQ2,3-dehydroquinate dehydratase,YP_788396.1 ; WP_003137122.1,PGD1651315
aruD,conditionally essential,0,4,4,NA,NA,NA,NA,NA,NA,NA,NA,NA,NA,NA,NA,NA,NA,NA
bkdR,conditionally essential,0,4,4,PALES_30581,PA2246,PA14_35540,transcriptional regulator BkdR,PGD250213,PA2246,bkdR,transcriptional regulator BkdR,NP_250936.1 ; WP_003089245.1,PGD107272,PA14_35540,bkdR,transcriptional regulator BkdR,YP_790990.1 ; WP_003089245.1,PGD1656576
cobK,conditionally essential,0,4,4,PALES_21551,PA2909,PA14_26460,cobalt-precorrin-6x reductase,PGD248405,PA2909,PA2909,hypothetical protein,NP_251599.1 ; WP_003114021.1,PGD108614,PA14_26460,cobK,cobalt-precorrin-6x reductase,YP_790265.1 ; WP_003138663.1,PGD1655105
cobN,conditionally essential,0,4,4,PALES_21191,PA2944,PA14_25970,cobaltochelatase subunit CobN,PGD248335,PA2944,cobN,cobalamin biosynthetic protein CobN,NP_251634.1 ; WP_003113999.1,PGD108684,PA14_25970,cobN,cobaltochelatase subunit CobN,YP_790229.1 ; WP_003138639.1,PGD1655033
cobN,conditionally essential,0,4,4,PALES_34001,PA1923,PA14_39640,cobaltochelatase subunit CobN,PGD250894,PA1923,PA1923,hypothetical protein,NP_250613.1 ; WP_003114926.1,PGD106626,PA14_39640,cobN,cobaltochelatase subunit CobN,YP_791314.1 ; WP_003139813.1,PGD1657224
cyoE,conditionally essential,0,4,4,PALES_38601,PA1321,PA14_47150,protoheme IX farnesyltransferase,PGD251823,PA1321,cyoE,cytochrome o ubiquinol oxidase protein CyoE,NP_250012.1 ; WP_003082726.1,PGD105410,PA14_47150,cyoE,protoheme IX farnesyltransferase,YP_791924.1 ; WP_003082726.1,PGD1658452
exbB1,conditionally essential,0,4,4,PALES_01991,PA0198,PA14_02500,transport protein ExbB,PGD244438,PA0198,exbB1,transport protein ExbB,NP_248889.1 ; WP_003083979.1,PGD103131,PA14_02500,exbB1,transport protein ExbB,YP_788355.1 ; WP_003083979.1,PGD1651233
fabD,conditionally essential,0,4,4,PALES_20951,PA2968,PA14_25650,malonyl-CoA-[acyl-carrier-protein] transacylase,PGD248285,PA2968,fabD,malonyl-CoA-[acyl-carrier-protein] transacylase,NP_251658.1 ; WP_003147872.1,PGD108732,PA14_25650,fabD,malonyl-CoA-ACP transacylase,YP_790205.1 ; WP_003091139.1,PGD1654985
fabI,conditionally essential,0,4,4,PALES_35211,PA1806,PA14_41170,NADH-dependent enoyl-ACP reductase,PGD251136,PA1806,fabI,NADH-dependent enoyl-ACP reductase,NP_250497.1 ; WP_003087936.1,PGD106392,PA14_41170,fabI,NADH-dependent enoyl-ACP reductase,YP_791437.1 ; WP_003139935.1,PGD1657470
fdx2,conditionally essential,0,4,4,PALES_11651,PA3809,PA14_14800,ferredoxin,PGD246398,PA3809,fdx2,ferredoxin [2Fe-2S],NP_252498.1 ; WP_003092818.1,PGD110436,PA14_14800,fdx2,ferredoxin 2Fe-2S,YP_789323.1 ; WP_003092818.1,PGD1653199
fleS,conditionally essential,0,4,4,PALES_42231,PA1098,PA14_50200,two-component sensor,PGD252549,PA1098,fleS,two-component sensor,NP_249789.1 ; WP_003086450.1,PGD104962,PA14_50200,fleS,two-component sensor,YP_792171.1 ; WP_003109120.1,PGD1658946
gcvT2,conditionally essential,0,4,4,PALES_28521,PA2442,PA14_33040,glycine cleavage system protein T2,PGD249803,PA2442,gcvT2,glycine cleavage system protein T2,NP_251132.1 ; WP_003113083.1,PGD107662,PA14_33040,gcvT2,glycine cleavage system protein T2,YP_790793.1 ; WP_003136335.1,PGD1656182
himA,conditionally essential,0,4,4,NA,NA,NA,NA,NA,NA,NA,NA,NA,NA,NA,NA,NA,NA,NA
iciA,conditionally essential,0,4,4,PALES_47421,PA4363,PA14_56740,chromosome replication initiation inhibitor protein,PGD253611,PA4363,iciA,inhibitor of chromosome initiation IciA,NP_253053.1 ; WP_003120877.1,PGD111564,PA14_56740,iciA,chromosome replication initiation inhibitor protein,YP_792708.1 ; WP_003120877.1,PGD1660044
kdpB,conditionally essential,0,4,4,PALES_36931,PA1634,PA14_43380,potassium-transporting ATPase subunit B,PGD251491,PA1634,kdpB,"potassium-transporting ATPase, B chain",NP_250325.1 ; WP_003097844.1,PGD106038,PA14_43380,kdpB,potassium-transporting ATPase subunit B,YP_791617.1 ; WP_003140127.1,PGD1657838
lasI,conditionally essential,0,4,4,PALES_39821,PA1432,PA14_45940,autoinducer synthesis protein LasI,PGD252067,PA1432,lasI,autoinducer synthesis protein LasI,NP_250123.1 ; WP_003083017.1,PGD105632,PA14_45940,lasI,autoinducer synthesis protein LasI,YP_791820.1 ; WP_003083017.1,PGD1658244
lasR,conditionally essential,0,4,4,PALES_39841,PA1430,PA14_45960,transcriptional regulator LasR,PGD252071,PA1430,lasR,transcriptional regulator LasR,NP_250121.1 ; WP_003082999.1,PGD105628,PA14_45960,lasR,transcriptional regulator LasR,YP_791822.1 ; WP_003082999.1,PGD1658248
lipC,conditionally essential,0,4,4,PALES_51981,PA4813,PA14_63620,lipase LipC,PGD254564,PA4813,lipC,lipase LipC,NP_253500.1 ; WP_003112346.1,PGD112492,PA14_63620,lipC,lipase LipC,YP_793278.1 ; WP_003095318.1,PGD1661216
metE,conditionally essential,0,4,4,PALES_33961,PA1927,PA14_39590,5-methyltetrahydropteroyltriglutamate-- homocysteine S-methyltransferase,PGD250886,PA1927,metE,5-methyltetrahydropteroyltriglutamate-homocysteine S-methyltransferase,NP_250617.1 ; WP_003114925.1,PGD106634,PA14_39590,metE,5- methyltetrahydropteroyltriglutamate/homocysteine S-methyltransferase,YP_791310.1 ; WP_003139809.1,PGD1657216
morB,conditionally essential,0,4,4,PALES_21311,PA2932,PA14_26130,morphinone reductase,PGD248361,PA2932,morB,morphinone reductase,NP_251622.1 ; WP_003114006.1,PGD108660,PA14_26130,morB,morphinone reductase,YP_790241.1 ; WP_003101455.1,PGD1655057
nuoK,conditionally essential,0,4,4,PALES_24591,PA2646,PA14_29890,NADH dehydrogenase subunit K,PGD249021,PA2646,nuoK,NADH dehydrogenase I chain K,NP_251336.1 ; WP_003090475.1,PGD108078,PA14_29890,nuoK,NADH dehydrogenase subunit K,YP_790548.1 ; WP_003090475.1,PGD1655684
pchA,conditionally essential,0,4,4,PALES_06961,PA4231,PA14_09210,salicylate biosynthesis isochorismate synthase,PGD245460,PA4231,pchA,salicylate biosynthesis isochorismate synthase,NP_252921.1 ; WP_003114686.1,PGD111282,PA14_09210,pchA,salicylate biosynthesis isochorismate synthase,YP_788888.1 ; WP_003129314.1,PGD1652323
pchF,conditionally essential,0,4,4,PALES_07021,PA4225,PA14_09280,pyochelin synthetase,PGD245472,PA4225,pchF,pyochelin synthetase,NP_252915.1 ; WP_003148107.1,PGD111270,PA14_09280,pchF,pyochelin synthetase,YP_788894.1 ;,PGD1652335
pilX,conditionally essential,0,4,4,PALES_49361,PA4553,PA14_60300,type 4 fimbrial biogenesis protein PilX,PGD254011,PA4553,pilX,type 4 fimbrial biogenesis protein PilX,NP_253243.1 ; WP_003112826.1,PGD111952,PA14_60300,pilX,type 4 fimbrial biogenesis protein PilX,YP_793013.1 ; WP_003141554.1,PGD1660664
pltG,conditionally essential,0,4,4,NA,NA,NA,NA,NA,NA,NA,NA,NA,NA,NA,NA,NA,NA,NA
prtN,conditionally essential,0,4,4,PALES_06071,PA0610,PA14_07950,transcriptional regulator PrtN,PGD245260,PA0610,prtN,transcriptional regulator PrtN,NP_249301.1 ; WP_003113203.1,PGD103959,PA14_07950,prtN,transcriptional regulator PrtN,YP_788783.1 ; WP_003137378.1,PGD1652095
pscQ,conditionally essential,0,4,4,PALES_36321,PA1694,PA14_42610,type III secretion system protein,PGD251369,PA1694,pscQ,translocation protein in type III secretion,NP_250385.1 ; WP_003114622.1,PGD106158,PA14_42610,pscQ,type III secretion system protein,YP_791551.1 ; WP_003140061.1,PGD1657706
pslJ,conditionally essential,0,4,4,PALES_30641,PA2240,PA14_35630,hypothetical protein,PGD250225,PA2240,pslJ,PslJ,NP_250930.1 ; WP_003089234.1,PGD107260,PA14_35630,pslJ,hypothetical protein,YP_790996.1 ; WP_003089234.1,PGD1656588
ptsP,conditionally essential,0,4,4,PALES_03341,PA0337,PA14_04410,phosphoenolpyruvate-protein phosphotransferase PtsP,PGD244710,PA0337,ptsP,phosphoenolpyruvate-protein phosphotransferase PtsP,NP_249028.1 ; WP_003084404.1,PGD103411,PA14_04410,ptsP,phosphoenolpyruvate-protein phosphotransferase PtsP,YP_788508.1 ; WP_003084404.1,PGD1651541
rhlG,conditionally essential,0,4,4,PALES_16731,PA3387,PA14_20270,beta-ketoacyl reductase,PGD247415,PA3387,rhlG,beta-ketoacyl reductase,NP_252077.1 ; WP_003113116.1,PGD109593,PA14_20270,rhlG,beta-ketoacyl reductase,YP_789762.1 ; WP_003138231.1,PGD1654079
rho,conditionally essential,0,4,4,PALES_56331,PA5239,PA14_69190,transcription termination factor Rho,PGD255442,PA5239,rho,transcription termination factor Rho,NP_253926.1 ; WP_003096334.1,PGD113352,PA14_69190,rho,transcription termination factor Rho,YP_793711.1 ; WP_003096334.1,PGD1662092
rnd,conditionally essential,0,4,4,PALES_38881,PA1294,PA14_47460,ribonuclease D,PGD251879,PA1294,rnd,ribonuclease D,NP_249985.1 ; WP_010895548.1,PGD105356,PA14_47460,rnd,ribonuclease D,YP_791951.1 ; WP_003109272.1,PGD1658506
rplS,conditionally essential,0,4,4,PALES_12381,PA3742,PA14_16000,50S ribosomal protein L19,PGD246544,PA3742,rplS,50S ribosomal protein L19,NP_252431.1 ; WP_003092637.1,PGD110302,PA14_16000,rplS,50S ribosomal protein L19,YP_789421.1 ; WP_003092637.1,PGD1653397
rpmA,conditionally essential,0,4,4,PALES_49501,PA4567,PA14_60450,50S ribosomal protein L27,PGD254039,PA4567,rpmA,50S ribosomal protein L27,NP_253257.1 ; WP_003094760.1,PGD111980,PA14_60450,rpmA,50S ribosomal protein L27,YP_793026.1 ; WP_003094760.1,PGD1660690
rubA2,conditionally essential,0,4,4,PALES_57451,PA5350,PA14_70630,Rubredoxin 2,PGD255666,PA5350,rubA2,Rubredoxin 2,NP_254037.1 ; WP_003098329.1,PGD113574,PA14_70630,rubA2,rubredoxin 2,YP_793824.1 ; WP_003098329.1,PGD1662318
tadD,conditionally essential,0,4,4,PALES_46791,PA4299,PA14_55850,TadD,PGD253485,PA4299,tadD,TadD,NP_252989.1 ; WP_003114982.1,PGD111436,PA14_55850,PA14_55850,pilus assembly protein,YP_792644.1 ; WP_003134587.1,PGD1659916
tpx,conditionally essential,0,4,4,PALES_27621,PA2532,PA14_31810,thiol peroxidase,PGD249626,PA2532,tpx,thiol peroxidase,NP_251222.1 ; WP_003089950.1,PGD107842,PA14_31810,tpx,thiol peroxidase,YP_790705.1 ; WP_003089950.1,PGD1656004
wspD,conditionally essential,0,4,4,PALES_12771,PA3705,PA14_16460,CheW domain protein,PGD246622,PA3705,wspD,hypothetical protein,NP_252394.1 ; WP_003103738.1,PGD110228,PA14_16460,wspD,CheW domain-containing protein,YP_789459.1 ; WP_003103738.1,PGD1653473
wspR,conditionally essential,0,4,4,PALES_12811,PA3702,PA14_16500,putative two-component response regulator,PGD246627,PA3702,wspR,WspR,NP_252391.1 ; WP_003103734.1,PGD110222,PA14_16500,wspR,two-component response regulator,YP_789462.1 ; WP_003092531.1,PGD1653479
yrfI,conditionally essential,0,4,4,NA,NA,NA,NA,NA,NA,NA,NA,NA,NA,NA,NA,NA,NA,NA
